image type	computational time	Time to fetch descriptors	percentage similarity
arabic_cropped.jpg	0.005443096160888672	0.1778731346130371	0
arabic_45.png	0.004417896270751953	0.41536808013916016	0
arabic_90.jpg	0.0050699710845947266	0.207794189453125	0
arabic_blurred.jpg	0.0007660388946533203	0.1700601577758789	0
arabic_cropped.jpg	0.004442930221557617	0.18364691734313965	1.0
arabic.jpg	0.004576921463012695	0.18476200103759766	100.0
arabic_45.png	0.0045070648193359375	0.40921592712402344	0.4
arabic_90.jpg	0.006888866424560547	0.1869819164276123	0.8
arabic_blurred.jpg	0.000759124755859375	0.16724276542663574	0.0
