image type	computational time	Time to fetch descriptors	percentage similarity
arabic_cropped.jpg	23.17546796798706	6.049444913864136	2
arabic_45.png	15.926395177841187	6.751529932022095	1
arabic_90.jpg	19.55533790588379	5.037956953048706	2
arabic_blurred.jpg	0.8252959251403809	3.077467918395996	31
arabic_cropped.jpg	18.35526204109192	4.881327867507935	3.12346487637
arabic.jpg	26.179574966430664	5.45682692527771	100.0
arabic_45.png	16.388320922851562	8.039761066436768	1.64610919644
arabic_90.jpg	17.714444875717163	5.210906982421875	3.41768642826
arabic_blurred.jpg	0.8625931739807129	2.597151041030884	40.1750198886
